network_level,selection_rule,initial_share,initial_lead,final_u_A,final_m_A,lock_index_LT,state
弱网络效应,未锁定，取最大初始份额,0.85,0.35,0.5000000000000026,0.5000000000000026,0.25000000000000255,未锁定
中等网络效应,未锁定，取最大初始份额,0.85,0.35,0.6853908418545039,0.6853908418545039,0.4697606060980256,未锁定
强网络效应,最小锁定初始份额,0.55,0.050000000000000044,0.9621260705199833,0.9621260705199833,0.925686575574224,锁定
