network_level,alpha,beta,break_lockin_delta_q,break_lockin_share,full_overtake_delta_q,max_scanned_share
弱网络效应,0.3,0.3,0.01,0.6368822487404305,0.78,0.9992328390120537
中等网络效应,0.8,0.8,0.24,0.98820617653645,0.29,0.9998668660252907
强网络效应,1.5,1.5,0.66,0.9997823345457271,0.66,0.999988519617464
