network_level,alpha,beta,break_lockin_delta_q,break_lockin_share,full_overtake_delta_q,max_scanned_share
弱网络效应,0.3,0.3,0.01,0.5111070499426101,,0.9830900429737314
中等网络效应,0.8,0.8,0.02,0.7418156031538041,1.27,0.9937808252661352
强网络效应,1.5,1.5,0.36,0.983803383201013,0.59,0.9984828140924423
