network,strategy,strategy_label,final_LB,prob_LB_ge_0_6,abm_discounted_profit,ode_discounted_profit,profit_gap
中等,pure_quality,纯质量投资,0.7596666666666667,0.5333333333333333,23.595121116572148,191.66,-168.06487888342784
中等,targeted_dynamic,针对性动态,0.5,0.0,27.02946901365764,193.53,-166.50053098634237
中等,targeted_long_term,针对性长期,0.5,0.0,26.652780584294383,178.52,-151.86721941570562
强,pure_quality,纯质量投资,0.8291666666666667,1.0,15.047403737278062,152.16,-137.11259626272192
强,targeted_dynamic,针对性动态,0.5,0.0,21.580979143065584,151.57,-129.98902085693442
强,targeted_long_term,针对性长期,0.5396666666666666,0.26666666666666666,20.509237244938788,124.48,-103.97076275506122
