strategy,final_user_share_mean,final_user_share_std,final_merchant_share_mean,final_merchant_share_std,user_satisfaction_mean,merchant_satisfaction_mean,user_multi_home_mean,merchant_multi_home_mean,lock_in_index_mean,lock_in_index_std,cum_profit_mean,cum_profit_std
dynamic,1.0,0.0,1.0,0.0,2.9052350914209275,2.8629911341358185,0.0,0.0,1.0,0.0,429.61401577268947,0.06768702419282147
greedy,0.9988666666666667,0.0009090856844155175,1.0,0.0,1.28932847707345,1.378466827648621,0.0004,0.0,0.9988666666666667,0.0009090856844155175,603.7759826666661,0.18904370793527472
long_term,1.0,0.0,1.0,0.0,2.599680657522451,2.5612532061316586,0.0,0.0,1.0,0.0,480.3676833333348,1.1431610174343956
