strategy,final_user_share_mean,final_user_share_std,final_merchant_share_mean,final_merchant_share_std,user_satisfaction_mean,merchant_satisfaction_mean,user_multi_home_mean,merchant_multi_home_mean,lock_in_index_mean,lock_in_index_std,cum_profit_mean,cum_profit_std
dynamic,0.0,0.0,0.9993333333333333,0.002537081317024613,0.08359457328086231,1.9589339298146358,0.0,0.0013333333333333333,0.9993333333333333,0.002537081317024613,26.826006928155838,0.59349352117138
greedy,0.2,0.40683810217248617,0.7113333333333334,0.2944279471992325,0.1893444628187402,0.9248076425614931,0.0,0.268,0.8573333333333333,0.02827614241520682,29.184783187618205,1.0261953716111674
long_term,0.0,0.0,1.0,0.0,0.08315755994752898,2.294161497906636,0.0,0.0,1.0,0.0,26.642605814771695,0.7244869934952118
pure_quality,0.6333333333333333,0.490132517853561,0.9786666666666667,0.021613107985239178,1.635938743722242,2.2484881200275364,0.0,0.042666666666666665,0.9786666666666667,0.021613107985239178,23.399869881350924,0.8650921542904463
