strategy,final_B_user_share,final_B_merchant_share,final_B_average_share,max_shortage_B,avg_shortage_B,profit
只补贴用户,0.03212693475731494,0.03129746742980857,0.03171220109356176,13.405262822542287,11.38495917820982,2.7938329166276756
只补贴商户,0.998245103162164,0.9984421714991992,0.9983436373306815,9.9999980000002,9.993494998093368,70.4947206590394
均衡补贴,0.9931051737278964,0.993478336906421,0.9932917553171587,11.196176625967404,9.996693178636285,71.03728719752789
偏商户补贴,0.9965422811440777,0.9968299889032809,0.9966861350236793,11.033861868539631,9.994070661894705,71.08689974616247
