scenario,alpha,beta,strategy,subsidy_user,subsidy_merchant,final_B_user_share,final_B_merchant_share,final_B_average_share,profit,state
对称网络效应,1.2,1.2,用户补贴,0.8,0.0,0.13214474693721368,0.019240433422733794,0.07569259017997373,4.341870667223389,平台失败
对称网络效应,1.2,1.2,商户补贴,0.0,0.8,0.019240433422733794,0.13214474693721368,0.07569259017997373,4.940911705644698,平台失败
对称网络效应,1.2,1.2,均衡补贴,0.4,0.4,0.03484784961551178,0.03484784961551178,0.03484784961551178,3.1352859927438934,平台失败
用户更依赖商户,1.6,0.5,用户补贴,0.8,0.0,0.08888530762448829,0.10644007012395207,0.09766268887422018,9.220792472334045,平台失败
用户更依赖商户,1.6,0.5,商户补贴,0.0,0.8,0.9983778484005144,0.9955551035449219,0.9969664759727181,69.72068876545016,平台锁定
用户更依赖商户,1.6,0.5,均衡补贴,0.4,0.4,0.9995341018129862,0.9818654237134723,0.9906997627632292,70.59639279375553,平台锁定
商户更依赖用户,0.5,1.6,用户补贴,0.8,0.0,0.9955551035449219,0.9983778484005144,0.9969664759727181,73.41914979972438,平台锁定
商户更依赖用户,0.5,1.6,商户补贴,0.0,0.8,0.10644007012395207,0.08888530762448829,0.09766268887422018,8.711702840178742,平台失败
商户更依赖用户,0.5,1.6,均衡补贴,0.4,0.4,0.9818654237134723,0.9995341018129862,0.9906997627632292,70.69136567879727,平台锁定
