scenario,alpha,beta,min_total_subsidy,best_b_user,best_b_merchant,main_direction,final_B_user_share,final_B_merchant_share,final_B_average_share
对称强网络效应,1.2,1.2,0.36,0.18,0.18,双边均衡,0.9516398878609733,0.9516398878609733,0.9516398878609733
用户更依赖商户,1.6,0.5,0.15,0.0,0.15,商户侧为主,0.9161493612254185,0.8085926471811482,0.8623710042032833
商户更依赖用户,0.5,1.6,0.15,0.15,0.0,用户侧为主,0.8085926471811482,0.9161493612254185,0.8623710042032833
极强锁定市场,1.8,1.8,0.99,0.96,0.03,用户侧为主,0.9972753565581575,0.9840852760918593,0.9906803163250084
