case_name,alpha,beta,min_total_subsidy,best_su0,best_sm0,final_x,final_y,cum_profit
对称强网络效应,1.2,1.2,0.5399999999999999,0.44999999999999996,0.09,0.9934502094968446,0.9933812530798636,163.47187755164862
用户更依赖商户,1.6,0.5,0.27,0.03,0.24,0.996346960868055,0.9230866901784214,157.29948828463398
商户更依赖用户,0.5,1.6,0.27,0.27,0.0,0.9231618122742807,0.9963468701164923,161.71781765025753
极强锁定市场,1.8,1.8,0.84,0.84,0.0,0.9992462355676688,0.9992267734937568,161.0092582657148
