scenario,alpha,beta,min_total_subsidy,best_b_user,best_b_merchant,main_direction,final_B_user_share,final_B_merchant_share,final_B_average_share
对称强网络效应,1.2,1.2,0.84,0.0,0.84,商户侧为主,0.9937010237460948,0.999651484298212,0.9966762540221534
用户更依赖商户,1.6,0.5,0.33,0.0,0.33,商户侧为主,0.9979939763555363,0.9766163665726955,0.9873051714641159
商户更依赖用户,0.5,1.6,0.33,0.33,0.0,用户侧为主,0.9766163665726955,0.9979939763555363,0.9873051714641159
极强锁定市场,1.8,1.8,1.56,1.17,0.39,用户侧为主,0.9999872186883176,0.9998044495805471,0.9998958341344324
