network,alpha,beta,strategy,final_B_user_share,final_B_merchant_share,final_B_average_share,final_quality,max_shortage_B,avg_shortage_B,profit
中等,0.8,0.8,贪心策略,0.9946962753251407,0.9947603527081166,0.9947283140166286,0.38010010815055967,13.061019697902477,10.19935055019829,19.346235805718674
中等,0.8,0.8,长期策略,0.9998488684170683,0.9998466722087431,0.9998477703129057,1.140300324451682,12.019508458577693,10.000597465943297,55.06379747433231
中等,0.8,0.8,动态策略,0.999657869648182,0.9996685693096903,0.9996632194789361,0.7602002163011193,11.720285650153329,9.997941208220285,61.293331611536
中等,0.8,0.8,纯质量投资,0.999999283806767,0.9999993019641178,0.9999992928854424,3.0,13.527589096724142,10.020701430402173,1.8662463330002823
强,1.5,1.5,贪心策略,0.012825127449487389,0.012727838760492473,0.012776483104989932,0.38010010815055967,13.367914858853908,11.383635057750174,-7.930482269417123
强,1.5,1.5,长期策略,0.9999869570062111,0.9999867800556113,0.9999868685309112,1.140300324451682,13.11151349158213,10.09772512164489,3.164241592777192
强,1.5,1.5,动态策略,0.999968622751285,0.9999714529155023,0.9999700378333936,0.7602002163011193,12.556643218307531,10.031490344336252,11.005021945473864
强,1.5,1.5,纯质量投资,0.999999919747841,0.999999939764207,0.999999929756024,3.0,14.404822911421004,10.070054869200652,-22.10478465933129
