ablation,label,final_LB,final_LB_std,prob_LB_ge_0_6,strict_lock_prob,discounted_profit,discounted_profit_std,total_spend,max_CB
full_targeted_long_term,Full targeted long-term,0.5,0.0,0.0,0.0,33.44854239754265,6.9198171204292995,239.99999999999937,171.8181487603366
no_targeting,w/o targeting,0.5453333333333333,0.11780999703887123,0.13333333333333333,0.0,68.63765213292585,6.760220813566012,239.99999999999937,143.84613017751843
replace_by_dynamic,replace by dynamic,0.5,0.0,0.0,0.0,15.370508025596765,7.614370562914408,239.99000000000126,189.99996000000803
replace_by_greedy,replace by greedy,0.4698333333333334,0.0647472983504189,0.0,0.0,10.106101425138375,7.4760675158466965,59.39999999999999,389.9998400000636
no_quality_investment,w/o quality investment,0.4983333333333333,0.003555795011093808,0.0,0.0,27.282411537740845,7.660875693852402,144.0,212.2221728395172
no_supply_penalty,w/o supply penalty,1.0,0.0,1.0,1.0,421.2654642691266,8.54878076266956,239.99999999999937,0.0
no_heterogeneity,w/o heterogeneity,0.514,0.07668115805072324,0.03333333333333333,0.03333333333333333,30.351580505353613,7.092379401813716,239.99999999999937,143.84613017751843
no_network_effect,w/o network effect,0.498,0.0028162092398752296,0.0,0.0,157.20800101006887,8.247099183857365,239.99999999999937,23.33333222222226
