network,strategy,strategy_label,final_LB,prob_LB_ge_0_6,abm_discounted_profit,ode_discounted_profit,profit_gap
中等,pure_quality,纯质量投资,0.6608333333333333,0.3333333333333333,77.55106490194088,191.66,-114.10893509805912
中等,targeted_dynamic,针对性动态,0.49966666666666665,0.0,19.970576329405088,193.53,-173.55942367059492
中等,targeted_long_term,针对性长期,0.5093333333333333,0.03333333333333333,37.370332016962486,178.52,-141.14966798303752
强,pure_quality,纯质量投资,0.8261666666666668,1.0,3.4264197705002895,152.16,-148.7335802294997
强,targeted_dynamic,针对性动态,0.5005000000000001,0.0,-29.81991640185465,151.57,-181.38991640185463
强,targeted_long_term,针对性长期,0.5253333333333333,0.1,-17.869853720676883,124.48,-142.3498537206769
