network,strategy,strategy_label,final_LB,prob_LB_ge_0_6,abm_discounted_profit,ode_discounted_profit,profit_gap
中等,pure_quality,纯质量投资,0.8061666666666666,0.6333333333333333,23.455248566078158,191.66,-168.20475143392184
中等,targeted_dynamic,针对性动态,0.5,0.0,27.08689574059507,193.53,-166.44310425940492
中等,targeted_long_term,针对性长期,0.5,0.0,26.838220685490015,178.52,-151.68177931450998
强,pure_quality,纯质量投资,0.8316666666666666,1.0,15.111750771985575,152.16,-137.0482492280144
强,targeted_dynamic,针对性动态,0.5,0.0,21.668263135696574,151.57,-129.90173686430342
强,targeted_long_term,针对性长期,0.5276666666666666,0.16666666666666666,20.366801120877167,124.48,-104.11319887912283
