scenario,final_L_mean,final_L_std,concentration_mean,success_probability,mean_time_to_success,subsidy_spend_mean,roi_mean,final_multi_share,lock_A_probability,lock_B_probability,coexist_probability,ode_L_A,mean_gap_ABM_minus_ODE
冷启动临界区,0.8701111111111111,0.27727288981766973,0.9225996296296297,0.9,1.8888888888888888,0.0,0.0,0.0,0.9,0.1,0.0,0.981828030090809,-0.11171691897969793
弱网络效应,0.49933333333333335,0.0549077945321349,0.5058296296296296,0.0,29.0,0.0,0.0,0.0,0.0,0.0,1.0,0.5,-0.0006666666666666488
强网络效应,0.9763333333333333,0.009543206847536408,0.953962962962963,1.0,1.0666666666666667,0.0,0.0,0.0,1.0,0.0,0.0,0.993108369544625,-0.016775036211291727
