version,removed_mechanism,final_L_mean,final_L_std,concentration_mean,success_probability,mean_time_to_success,subsidy_spend_mean,roi_mean,final_multi_share,lock_A_probability,lock_B_probability,coexist_probability
Full ABM,保留全部机制,0.8379333333333334,0.021642054987022406,0.7293034074074074,1.0,4.133333333333334,9800.0,5.489115646258503e-05,0.3691111111111111,0.9666666666666667,0.0,0.03333333333333333
w/o heterogeneity,去掉个体异质性,0.8652555555555556,0.017924850220513447,0.7674444222222222,1.0,5.366666666666666,9800.0,5.767913832199547e-05,0.3748888888888889,1.0,0.0,0.0
w/o inertia,去掉惯性/切换成本,0.8239555555555556,0.02487420201586224,0.7110906074074074,1.0,3.6333333333333333,9800.0,5.346485260770975e-05,0.35866666666666663,0.8,0.0,0.2
w/o targeted rule,精准补贴改为随机补贴,0.8352333333333333,0.02054620994964814,0.725578925925926,1.0,4.8,9800.0,5.4615646258503395e-05,0.3864444444444445,0.9333333333333333,0.0,0.06666666666666667
w/o multi-home,商户不可多归属,0.4086111111111111,0.3640092003735307,0.7728757407407407,0.3,6.888888888888889,9800.0,1.1082766439909297e-05,0.0,0.3,0.5333333333333333,0.16666666666666666
w/o network effect,去掉双边网络效应,0.5619111111111111,0.02398625617542054,0.5087782962962962,0.1,17.52,9800.0,2.672562358276644e-05,0.45622222222222225,0.0,0.0,1.0
