heterogeneity_sigma,final_L_mean,final_L_std,concentration_mean,success_probability,mean_time_to_success,subsidy_spend_mean,roi_mean,final_multi_share,lock_A_probability,lock_B_probability,coexist_probability
0.0,0.7617777777777778,0.4203913824422107,0.9787311111111111,0.7666666666666667,2.0434782608695654,0.0,0.0,0.0,0.7666666666666667,0.23333333333333334,0.0
0.25,0.8252222222222223,0.3672372084977723,0.9722744444444444,0.8333333333333334,2.04,0.0,0.0,0.0,0.8333333333333334,0.16666666666666666,0.0
0.5,0.8753333333333334,0.28337572367138925,0.9370003703703703,0.9,2.0,0.0,0.0,0.0,0.9,0.1,0.0
0.75,0.8585555555555556,0.26837446437578794,0.8963722222222222,0.9,2.1481481481481484,0.0,0.0,0.0,0.9,0.1,0.0
1.0,0.8142777777777778,0.2936367563842651,0.864237962962963,0.8666666666666667,2.3076923076923075,0.0,0.0,0.0,0.8666666666666667,0.13333333333333333,0.0
1.25,0.8034444444444444,0.2857174653171006,0.8419837037037037,0.8666666666666667,2.1923076923076925,0.0,0.0,0.0,0.8666666666666667,0.13333333333333333,0.0
1.5,0.7690555555555555,0.3061923754006819,0.8260390740740741,0.8333333333333334,2.24,0.0,0.0,0.0,0.8333333333333334,0.16666666666666666,0.0
2.0,0.7865555555555556,0.27134930808594826,0.8065803703703704,0.8666666666666667,2.3076923076923075,0.0,0.0,0.0,0.8666666666666667,0.13333333333333333,0.0
