sigma_theta,final_LA_mean,final_LA_std,concentration_C_mean,concentration_C_std,strict_lock_prob,coexist_prob,tilt_prob,cum_profit_mean,cum_profit_std
0.0,0.5021666666666667,0.08177643338683378,0.8436666666666667,0.03854986321665731,0.9333333333333333,0.0,0.06666666666666667,55.42977296375748,0.7361909591296297
0.25,0.4966666666666667,0.08130756139640326,0.844,0.03625579620723682,0.9,0.0,0.1,55.434117332909274,0.7501449400759493
0.5,0.4905,0.0779074384479251,0.849,0.03262641197895793,0.9333333333333333,0.0,0.06666666666666667,55.493308230893724,0.8301867211028678
0.75,0.49616666666666664,0.07659435620395831,0.8523333333333334,0.03114851336833704,0.9666666666666667,0.0,0.03333333333333333,55.443848059442686,0.8840348368101612
1.0,0.5008333333333334,0.07573869932018006,0.8543333333333333,0.03158822711001714,0.9666666666666667,0.0,0.03333333333333333,55.46794902251316,0.9392081353591939
1.25,0.4953333333333333,0.07642816475499127,0.8526666666666666,0.03161550616208854,0.9666666666666667,0.0,0.03333333333333333,55.49480645902547,0.9707923135264337
1.5,0.49416666666666664,0.07718186464374292,0.8510000000000001,0.0316609190186174,0.9666666666666667,0.0,0.03333333333333333,55.46272250128537,0.9886019992067098
2.0,0.49583333333333335,0.07981750016965786,0.8463333333333334,0.033577838887692224,0.9666666666666667,0.0,0.03333333333333333,55.45511717943288,1.192897403942856
